op_name,tensor_idx,num_elements,stddev,mean_error,max_abs_error,mean_squared_error,scale,zero_point,tensor_name
PAD,231,158700.0,0.0052341907,0.00014504776,0.0093261,2.7456828e-05,0.018658448,-14,Pad
TRANSPOSE,235,158700.0,0.0,0.0,0.0,0.0,0.018658448,-14,transpose_1
CONV_2D,239,802816.0,0.0064707533,0.0002040296,0.050561752,4.2333486e-05,0.01873804,-128,onnx_tf_prefix_Relu_1;Add;convolution_9;convolution;Const_106
TRANSPOSE,243,802816.0,0.0,0.0,0.0,0.0,0.01873804,-128,transpose_2
PADV2,247,802816.0,0.0,0.0,0.0,0.0,0.01873804,-128,PadV2
TRANSPOSE,251,802816.0,0.0,0.0,0.0,0.0,0.01873804,-128,transpose_3
MAX_POOL_2D,255,193600.0,0.0,0.0,0.0,0.0,0.01873804,-128,MaxPool2d
CONV_2D,259,774400.0,0.007394061,0.00051295484,0.06347787,5.4949734e-05,0.023714297,15,Add_5;convolution_41;convolution_4;Const_98
CONV_2D,263,193600.0,0.0023707743,0.00012556594,0.020122027,5.659323e-06,0.006416375,-128,onnx_tf_prefix_Relu_4;Add_2;convolution_9;convolution_1;Const_104
TRANSPOSE,267,193600.0,0.0,0.0,0.0,0.0,0.006416375,-128,transpose_7
PAD,271,207936.0,0.0,0.0,0.0,0.0,0.006416375,-128,Pad_1
TRANSPOSE,275,207936.0,0.0,0.0,0.0,0.0,0.006416375,-128,transpose_9
CONV_2D,279,193600.0,0.0021212487,0.00012788875,0.0124220215,4.524392e-06,0.0072808755,-128,onnx_tf_prefix_Relu_6;Add_3;convolution_9;convolution_2;Const_102
CONV_2D,283,774400.0,0.004140279,-2.2083435e-05,0.016996019,1.7145036e-05,0.01430906,-13,Add_4;convolution_41;convolution_3;Const_100
ADD,287,774400.0,0.0021977066,-3.944397e-05,0.004935958,4.834988e-06,0.009872619,-128,onnx_tf_prefix_Relu_10;onnx_tf_prefix_Add_9
CONV_2D,291,193600.0,0.0015939318,0.0001084113,0.01135917,2.5623106e-06,0.0071704993,-128,onnx_tf_prefix_Relu_12;Add_6;convolution_9;convolution_5;Const_96
TRANSPOSE,295,193600.0,0.0,0.0,0.0,0.0,0.0071704993,-128,transpose_19
PAD,299,207936.0,0.0,0.0,0.0,0.0,0.0071704993,-128,Pad_2
TRANSPOSE,303,207936.0,0.0,0.0,0.0,0.0,0.0071704993,-128,transpose_21
CONV_2D,307,193600.0,0.0023395119,0.00010836031,0.018022807,5.5025203e-06,0.008680427,-128,onnx_tf_prefix_Relu_14;Add_7;convolution_9;convolution_6;Const_94
CONV_2D,311,774400.0,0.0033182853,-0.00022156634,0.016197992,1.1061369e-05,0.010882774,1,Add_8;convolution_41;convolution_7;Const_92
ADD,315,774400.0,0.00274429,0.000120437944,0.006247309,7.5489716e-06,0.011561171,-128,onnx_tf_prefix_Relu_17;onnx_tf_prefix_Add_16
CONV_2D,319,193600.0,0.0017785006,4.47656e-06,0.011987445,3.1645586e-06,0.0077730874,-128,onnx_tf_prefix_Relu_19;Add_9;convolution_9;convolution_8;Const_90
TRANSPOSE,323,193600.0,0.0,0.0,0.0,0.0,0.0077730874,-128,transpose_28
PAD,327,207936.0,0.0,0.0,0.0,0.0,0.0077730874,-128,Pad_3
TRANSPOSE,331,207936.0,0.0,0.0,0.0,0.0,0.0077730874,-128,transpose_30
CONV_2D,335,193600.0,0.0018567711,-6.529968e-05,0.021600844,3.4550642e-06,0.007874003,-128,onnx_tf_prefix_Relu_21;Add_10;convolution_9;Const_88
CONV_2D,339,774400.0,0.005728903,-0.001414863,0.02300982,3.4822915e-05,0.021919351,20,Add_11;convolution_41;convolution_10;Const_86
ADD,343,774400.0,0.0025231212,0.00070705055,0.006014618,6.8726863e-06,0.011702946,-128,onnx_tf_prefix_Relu_24;onnx_tf_prefix_Add_23
CONV_2D,347,387200.0,0.0021693578,-2.0502759e-05,0.020188846,4.7085255e-06,0.009748264,-128,onnx_tf_prefix_Relu_26;Add_12;convolution_22;convolution_11;Const_84
TRANSPOSE,351,387200.0,0.0,0.0,0.0,0.0,0.009748264,-128,transpose_37
PAD,355,415872.0,0.0,0.0,0.0,0.0,0.009748264,-128,Pad_4
TRANSPOSE,359,415872.0,0.0,0.0,0.0,0.0,0.009748264,-128,transpose_39
CONV_2D,363,100352.0,0.0016116292,-9.957103e-07,0.014425025,2.5987129e-06,0.0063963993,-128,onnx_tf_prefix_Relu_28;Add_13;convolution_22;convolution_12;Const_82
CONV_2D,367,401408.0,0.004793025,9.117773e-05,0.028145341,2.2982798e-05,0.016956143,-20,Add_14;convolution_51;convolution_13;Const_80
CONV_2D,371,401408.0,0.004202061,0.00011565429,0.032396827,1.767256e-05,0.013773113,-21,Add_15;convolution_51;convolution_14;Const_78
ADD,375,401408.0,0.0019700585,-1.3762201e-05,0.0048942133,3.8815415e-06,0.009792309,-128,onnx_tf_prefix_Relu_32;onnx_tf_prefix_Add_31
CONV_2D,379,100352.0,0.00093030964,8.094167e-07,0.00698891,8.669244e-07,0.0035167804,-128,onnx_tf_prefix_Relu_34;Add_16;convolution_22;convolution_15;Const_76
TRANSPOSE,383,100352.0,0.0,0.0,0.0,0.0,0.0035167804,-128,transpose_49
PAD,387,115200.0,0.0,0.0,0.0,0.0,0.0035167804,-128,Pad_5
TRANSPOSE,391,115200.0,0.0,0.0,0.0,0.0,0.0035167804,-128,transpose_51
CONV_2D,395,100352.0,0.0019416921,3.7888174e-05,0.015634807,3.7766515e-06,0.0063148965,-128,onnx_tf_prefix_Relu_36;Add_17;convolution_22;convolution_16;Const_74
CONV_2D,399,401408.0,0.0056440835,9.450657e-05,0.020923192,3.186546e-05,0.019549655,12,Add_18;convolution_51;convolution_17;Const_72
ADD,403,401408.0,0.0022052897,0.00021724697,0.005118901,4.9108235e-06,0.010238444,-128,onnx_tf_prefix_Relu_39;onnx_tf_prefix_Add_38
CONV_2D,407,100352.0,0.001575413,1.6352027e-06,0.01065811,2.4831354e-06,0.005934346,-128,onnx_tf_prefix_Relu_41;Add_19;convolution_22;convolution_18;Const_70
TRANSPOSE,411,100352.0,0.0,0.0,0.0,0.0,0.005934346,-128,transpose_58
PAD,415,115200.0,0.0,0.0,0.0,0.0,0.005934346,-128,Pad_6
TRANSPOSE,419,115200.0,0.0,0.0,0.0,0.0,0.005934346,-128,transpose_60
CONV_2D,423,100352.0,0.0015522797,7.2812995e-06,0.015937323,2.4111932e-06,0.004934442,-128,onnx_tf_prefix_Relu_43;Add_20;convolution_22;convolution_19;Const_68
CONV_2D,427,401408.0,0.0038492507,1.101004e-05,0.01944953,1.481722e-05,0.012766724,8,Add_21;convolution_51;convolution_20;Const_66
ADD,431,401408.0,0.0022643066,-5.9806356e-05,0.005286558,5.130835e-06,0.010583209,-128,onnx_tf_prefix_Relu_46;onnx_tf_prefix_Add_45
CONV_2D,435,100352.0,0.0014245554,4.9060495e-06,0.011987338,2.0302307e-06,0.005781362,-128,onnx_tf_prefix_Relu_48;Add_22;convolution_22;convolution_21;Const_64
TRANSPOSE,439,100352.0,0.0,0.0,0.0,0.0,0.005781362,-128,transpose_67
PAD,443,115200.0,0.0,0.0,0.0,0.0,0.005781362,-128,Pad_7
TRANSPOSE,447,115200.0,0.0,0.0,0.0,0.0,0.005781362,-128,transpose_69
CONV_2D,451,100352.0,0.0015068549,-4.5981506e-05,0.012525353,2.273335e-06,0.00686165,-128,onnx_tf_prefix_Relu_50;Add_23;convolution_22;Const_62
CONV_2D,455,401408.0,0.00425046,-2.4331226e-05,0.017715959,1.8067209e-05,0.014312632,-8,Add_24;convolution_51;convolution_23;Const_60
ADD,459,401408.0,0.0025489286,-5.7489833e-05,0.006003656,6.5006166e-06,0.012007591,-128,onnx_tf_prefix_Relu_53;onnx_tf_prefix_Add_52
CONV_2D,463,200704.0,0.0022174479,-2.6425521e-05,0.026035832,4.9256564e-06,0.0116673475,-128,onnx_tf_prefix_Relu_55;Add_25;convolution_41;convolution_24;Const_58
TRANSPOSE,467,200704.0,0.0,0.0,0.0,0.0,0.0116673475,-128,transpose_76
PAD,471,230400.0,0.0,0.0,0.0,0.0,0.0116673475,-128,Pad_8
TRANSPOSE,475,230400.0,0.0,0.0,0.0,0.0,0.0116673475,-128,transpose_78
CONV_2D,479,50176.0,0.0016530487,1.6272477e-05,0.012498975,2.7362285e-06,0.0057395454,-128,onnx_tf_prefix_Relu_57;Add_26;convolution_41;convolution_25;Const_56
CONV_2D,483,200704.0,0.0043892357,2.4298457e-05,0.030345066,1.926764e-05,0.014418654,-14,Add_27;convolution_42;convolution_26;Const_54
CONV_2D,487,200704.0,0.003140764,4.9473518e-05,0.02116567,9.86812e-06,0.010073819,0,Add_28;convolution_42;convolution_27;Const_52
ADD,491,200704.0,0.0018202517,-1.60542e-05,0.012489121,3.3141391e-06,0.009543681,-128,onnx_tf_prefix_Relu_61;onnx_tf_prefix_Add_60
CONV_2D,495,50176.0,0.0021396184,-4.8898513e-05,0.013686281,4.581312e-06,0.00991449,-128,onnx_tf_prefix_Relu_63;Add_29;convolution_41;convolution_28;Const_50
TRANSPOSE,499,50176.0,0.0,0.0,0.0,0.0,0.00991449,-128,transpose_88
PAD,503,65536.0,0.0,0.0,0.0,0.0,0.00991449,-128,Pad_9
TRANSPOSE,507,65536.0,0.0,0.0,0.0,0.0,0.00991449,-128,transpose_90
CONV_2D,511,50176.0,0.0015844087,-1.6479324e-05,0.012026283,2.5120567e-06,0.0071008164,-128,onnx_tf_prefix_Relu_65;Add_30;convolution_41;convolution_29;Const_48
CONV_2D,515,200704.0,0.006214897,2.4268451e-05,0.02372842,3.8625745e-05,0.02124891,-13,Add_31;convolution_42;convolution_30;Const_46
ADD,519,200704.0,0.0029589355,-0.0003059752,0.007248491,8.85161e-06,0.014497207,-128,onnx_tf_prefix_Relu_68;onnx_tf_prefix_Add_67
CONV_2D,523,50176.0,0.0013193582,-1.4412633e-05,0.010929207,1.7433238e-06,0.005402481,-128,onnx_tf_prefix_Relu_70;Add_32;convolution_41;convolution_31;Const_44
TRANSPOSE,527,50176.0,0.0,0.0,0.0,0.0,0.005402481,-128,transpose_97
PAD,531,65536.0,0.0,0.0,0.0,0.0,0.005402481,-128,Pad_10
TRANSPOSE,535,65536.0,0.0,0.0,0.0,0.0,0.005402481,-128,transpose_99
CONV_2D,539,50176.0,0.001053967,-8.1301516e-07,0.00937862,1.1113872e-06,0.00427954,-128,onnx_tf_prefix_Relu_72;Add_33;convolution_41;convolution_32;Const_42
CONV_2D,543,200704.0,0.0031123115,1.4112156e-05,0.014313703,9.686927e-06,0.010294554,5,Add_34;convolution_42;convolution_33;Const_40
ADD,547,200704.0,0.0025747316,6.960987e-05,0.006624991,6.635227e-06,0.013253497,-128,onnx_tf_prefix_Relu_75;onnx_tf_prefix_Add_74
CONV_2D,551,50176.0,0.0012315363,9.394996e-07,0.012541399,1.5187071e-06,0.00537742,-128,onnx_tf_prefix_Relu_77;Add_35;convolution_41;convolution_34;Const_38
TRANSPOSE,555,50176.0,0.0,0.0,0.0,0.0,0.00537742,-128,transpose_106
PAD,559,65536.0,0.0,0.0,0.0,0.0,0.00537742,-128,Pad_11
TRANSPOSE,563,65536.0,0.0,0.0,0.0,0.0,0.00537742,-128,transpose_108
CONV_2D,567,50176.0,0.001157289,-8.3694995e-06,0.011537745,1.3398685e-06,0.0050789258,-128,onnx_tf_prefix_Relu_79;Add_36;convolution_41;convolution_35;Const_36
CONV_2D,571,200704.0,0.0055068093,3.4911212e-05,0.02184672,3.0326493e-05,0.018850192,2,Add_37;convolution_42;convolution_36;Const_34
ADD,575,200704.0,0.003083746,-0.00018895575,0.008440066,9.546839e-06,0.016881382,-128,onnx_tf_prefix_Relu_82;onnx_tf_prefix_Add_81
CONV_2D,579,50176.0,0.0014066584,1.6240183e-05,0.015946968,1.9804045e-06,0.0069013624,-128,onnx_tf_prefix_Relu_84;Add_38;convolution_41;convolution_37;Const_32
TRANSPOSE,583,50176.0,0.0,0.0,0.0,0.0,0.0069013624,-128,transpose_115
PAD,587,65536.0,0.0,0.0,0.0,0.0,0.0069013624,-128,Pad_12
TRANSPOSE,591,65536.0,0.0,0.0,0.0,0.0,0.0069013624,-128,transpose_117
CONV_2D,595,50176.0,0.0012021764,3.007587e-05,0.013785008,1.4478487e-06,0.0056018312,-128,onnx_tf_prefix_Relu_86;Add_39;convolution_41;convolution_38;Const_30
CONV_2D,599,200704.0,0.0039177104,2.4298066e-05,0.019265445,1.5349626e-05,0.013070389,16,Add_40;convolution_42;convolution_39;Const_28
ADD,603,200704.0,0.0029192665,0.00014561389,0.008656383,8.547307e-06,0.017314658,-128,onnx_tf_prefix_Relu_89;onnx_tf_prefix_Add_88
CONV_2D,607,50176.0,0.001738703,1.4865003e-05,0.013115122,3.0246076e-06,0.009995862,-128,onnx_tf_prefix_Relu_91;Add_41;convolution_41;convolution_40;Const_26
TRANSPOSE,611,50176.0,0.0,0.0,0.0,0.0,0.009995862,-128,transpose_124
PAD,615,65536.0,0.0,0.0,0.0,0.0,0.009995862,-128,Pad_13
TRANSPOSE,619,65536.0,0.0,0.0,0.0,0.0,0.009995862,-128,transpose_126
CONV_2D,623,50176.0,0.0021380764,4.3046607e-06,0.013759559,4.574634e-06,0.011856745,-128,onnx_tf_prefix_Relu_93;Add_42;convolution_41;Const_24
CONV_2D,627,200704.0,0.006428732,8.338037e-06,0.031794902,4.132928e-05,0.02200752,9,Add_43;convolution_42;Const_22
ADD,631,200704.0,0.0018011611,9.100991e-05,0.0059901476,3.2564953e-06,0.011988977,-128,onnx_tf_prefix_Relu_96;onnx_tf_prefix_Add_95
CONV_2D,635,100352.0,0.0014151125,-1.45358645e-05,0.016708605,2.0079535e-06,0.008944058,-128,onnx_tf_prefix_Relu_98;Add_44;convolution_51;convolution_43;Const_20
TRANSPOSE,639,100352.0,0.0,0.0,0.0,0.0,0.008944058,-128,transpose_133
PAD,643,131072.0,0.0,0.0,0.0,0.0,0.008944058,-128,Pad_14
TRANSPOSE,647,131072.0,0.0,0.0,0.0,0.0,0.008944058,-128,transpose_135
CONV_2D,651,25088.0,0.0017802492,-9.245326e-06,0.014295486,3.1804223e-06,0.009188832,-128,onnx_tf_prefix_Relu_100;Add_45;convolution_51;convolution_44;Const_18
CONV_2D,655,100352.0,0.011402452,5.0437343e-06,0.078571096,0.00013003331,0.037069235,-38,Add_46;convolution_52;convolution_45;Const_16
CONV_2D,659,100352.0,0.01262967,2.0458456e-05,0.11957951,0.0001595223,0.041594755,-3,Add_47;convolution_52;convolution_46;Const_14
ADD,663,100352.0,0.006840703,-7.52394e-05,0.01908505,4.6814082e-05,0.038177498,-128,onnx_tf_prefix_Relu_104;onnx_tf_prefix_Add_103
CONV_2D,667,25088.0,0.0012689237,-4.2129213e-06,0.014337357,1.612265e-06,0.00751927,-128,onnx_tf_prefix_Relu_106;Add_48;convolution_51;convolution_47;Const_12
TRANSPOSE,671,25088.0,0.0,0.0,0.0,0.0,0.00751927,-128,transpose_145
PAD,675,41472.0,0.0,0.0,0.0,0.0,0.00751927,-128,Pad_15
TRANSPOSE,679,41472.0,0.0,0.0,0.0,0.0,0.00751927,-128,transpose_147
CONV_2D,683,25088.0,0.0010558121,6.820841e-07,0.024393601,1.1361876e-06,0.0052119014,-128,onnx_tf_prefix_Relu_108;Add_49;convolution_51;convolution_48;Const_10
CONV_2D,687,100352.0,0.010936753,2.0486752e-05,0.04899237,0.000119636876,0.035425484,-28,Add_50;convolution_52;convolution_49;Const_8
ADD,691,100352.0,0.009990391,-0.00011505515,0.02420562,9.987751e-05,0.04842385,-128,onnx_tf_prefix_Relu_111;onnx_tf_prefix_Add_110
CONV_2D,695,25088.0,0.0012541319,-4.323992e-06,0.023937924,1.5869675e-06,0.007186645,-128,onnx_tf_prefix_Relu_113;Add_51;convolution_51;convolution_50;Const_6
TRANSPOSE,699,25088.0,0.0,0.0,0.0,0.0,0.007186645,-128,transpose_154
PAD,703,41472.0,0.0,0.0,0.0,0.0,0.007186645,-128,Pad_16
TRANSPOSE,707,41472.0,0.0,0.0,0.0,0.0,0.007186645,-128,transpose_156
CONV_2D,711,25088.0,0.0013621555,-9.703502e-06,0.0091642225,1.8776608e-06,0.006906831,-128,onnx_tf_prefix_Relu_115;Add_52;convolution_51;Const_4
CONV_2D,715,100352.0,0.020734433,0.0002018548,0.14351411,0.0004304929,0.06375281,-44,Add_53;convolution_52;Const_2
ADD,719,100352.0,0.013881662,0.001093176,0.088499434,0.00019416335,0.06658008,-128,onnx_tf_prefix_Relu_118;onnx_tf_prefix_Add_117
TRANSPOSE,723,100352.0,0.0,0.0,0.0,0.0,0.06658008,-128,transpose_160
MEAN,727,2048.0,0.0070627704,-6.364874e-05,0.030039286,5.0073726e-05,0.02413012,-128,Mean
RESHAPE,735,2048.0,0.0,0.0,0.0,0.0,0.02413012,-128,Reshape
RESHAPE,741,2048.0,0.0,0.0,0.0,0.0,0.02413012,-128,flatten/Reshape;Reshape
FULLY_CONNECTED,745,1000.0,0.061201397,0.0016540218,0.19893265,0.0037718161,0.11801155,-64,PartitionedCall:0
