,op_name,tensor_idx,num_elements,stddev,mean_error,max_abs_error,mean_squared_error,scale,zero_point,tensor_name,range,rmse/scale
127,FULLY_CONNECTED,745,1000.0,0.061201397,0.0016540218,0.19893265,0.0037718161,0.11801155,-64,PartitionedCall:0,30.092945250000003,0.5204161199552003
8,CONV_2D,263,193600.0,0.0023707743,0.00012556594,0.020122027,5.659323e-06,0.006416375,-128,onnx_tf_prefix_Relu_4;Add_2;convolution_9;convolution_1;Const_104,1.6361756250000001,0.3707596835061256
2,CONV_2D,239,802816.0,0.0064707533,0.0002040296,0.050561752,4.2333486e-05,0.01873804,-128,onnx_tf_prefix_Relu_1;Add;convolution_9;convolution;Const_106,4.778200200000001,0.3472304910578978
121,CONV_2D,715,100352.0,0.020734433,0.0002018548,0.14351411,0.0004304929,0.06375281,-44,Add_53;convolution_52;Const_2,16.256966549999998,0.3254495421266147
48,CONV_2D,423,100352.0,0.0015522797,7.2812995e-06,0.015937323,2.4111932e-06,0.004934442,-128,onnx_tf_prefix_Relu_43;Add_20;convolution_22;convolution_19;Const_68,1.25828271,0.31468638721734254
7,CONV_2D,259,774400.0,0.007394061,0.00051295484,0.06347787,5.4949734e-05,0.023714297,15,Add_5;convolution_41;convolution_4;Const_98,6.047145735,0.3125881732611931
64,CONV_2D,487,200704.0,0.003140764,4.9473518e-05,0.02116567,9.86812e-06,0.010073819,0,Add_28;convolution_42;convolution_27;Const_52,2.568823845,0.3118337141986724
114,CONV_2D,687,100352.0,0.010936753,2.0486752e-05,0.04899237,0.000119636876,0.035425484,-28,Add_50;convolution_52;convolution_49;Const_8,9.03349842,0.30875694811567794
41,CONV_2D,395,100352.0,0.0019416921,3.7888174e-05,0.015634807,3.7766515e-06,0.0063148965,-128,onnx_tf_prefix_Relu_36;Add_17;convolution_22;convolution_16;Const_74,1.6102986075,0.3077423165128942
106,CONV_2D,655,100352.0,0.011402452,5.0437343e-06,0.078571096,0.00013003331,0.037069235,-38,Add_46;convolution_52;convolution_45;Const_16,9.452654925,0.3076193748687525
20,CONV_2D,311,774400.0,0.0033182853,-0.00022156634,0.016197992,1.1061369e-05,0.010882774,1,Add_8;convolution_41;convolution_7;Const_92,2.7751073699999997,0.30560807816418
35,CONV_2D,371,401408.0,0.004202061,0.00011565429,0.032396827,1.767256e-05,0.013773113,-21,Add_15;convolution_51;convolution_14;Const_78,3.512143815,0.30522325660525185
63,CONV_2D,483,200704.0,0.0043892357,2.4298457e-05,0.030345066,1.926764e-05,0.014418654,-14,Add_27;convolution_42;convolution_26;Const_54,3.67675677,0.30443146759346323
107,CONV_2D,659,100352.0,0.01262967,2.0458456e-05,0.11957951,0.0001595223,0.041594755,-3,Add_47;convolution_52;convolution_46;Const_14,10.606662524999999,0.3036491926665494
78,CONV_2D,543,200704.0,0.0031123115,1.4112156e-05,0.014313703,9.686927e-06,0.010294554,5,Add_34;convolution_42;convolution_33;Const_40,2.6251112699999997,0.30233294703208263
49,CONV_2D,427,401408.0,0.0038492507,1.101004e-05,0.01944953,1.481722e-05,0.012766724,8,Add_21;convolution_51;convolution_20;Const_66,3.25551462,0.3015115095021982
92,CONV_2D,599,200704.0,0.0039177104,2.4298066e-05,0.019265445,1.5349626e-05,0.013070389,16,Add_40;convolution_42;convolution_39;Const_28,3.332949195,0.2997508241707855
56,CONV_2D,455,401408.0,0.00425046,-2.4331226e-05,0.017715959,1.8067209e-05,0.014312632,-8,Add_24;convolution_51;convolution_23;Const_60,3.64972116,0.2969791973898959
124,MEAN,727,2048.0,0.0070627704,-6.364874e-05,0.030039286,5.0073726e-05,0.02413012,-128,Mean,6.153180600000001,0.2932550317606527
71,CONV_2D,515,200704.0,0.006214897,2.4268451e-05,0.02372842,3.8625745e-05,0.02124891,-13,Add_31;convolution_42;convolution_30;Const_46,5.41847205,0.29248377369140466
12,CONV_2D,279,193600.0,0.0021212487,0.00012788875,0.0124220215,4.524392e-06,0.0072808755,-128,onnx_tf_prefix_Relu_6;Add_3;convolution_9;convolution_2;Const_102,1.8566232525,0.29214368838843835
85,CONV_2D,571,200704.0,0.0055068093,3.4911212e-05,0.02184672,3.0326493e-05,0.018850192,2,Add_37;convolution_42;convolution_36;Const_34,4.80679896,0.2921428873808227
99,CONV_2D,627,200704.0,0.006428732,8.338037e-06,0.031794902,4.132928e-05,0.02200752,9,Add_43;convolution_42;Const_22,5.6119176,0.29211766097610087
13,CONV_2D,283,774400.0,0.004140279,-2.2083435e-05,0.016996019,1.7145036e-05,0.01430906,-13,Add_4;convolution_41;convolution_3;Const_100,3.6488103,0.28937305942470937
42,CONV_2D,399,401408.0,0.0056440835,9.450657e-05,0.020923192,3.186546e-05,0.019549655,12,Add_18;convolution_51;convolution_17;Const_72,4.985162025,0.2887493388241988
62,CONV_2D,479,50176.0,0.0016530487,1.6272477e-05,0.012498975,2.7362285e-06,0.0057395454,-128,onnx_tf_prefix_Relu_57;Add_26;convolution_41;convolution_25;Const_56,1.463584077,0.28820312497108047
34,CONV_2D,367,401408.0,0.004793025,9.117773e-05,0.028145341,2.2982798e-05,0.016956143,-20,Add_14;convolution_51;convolution_13;Const_80,4.323816465,0.28273161858679013
0,PAD,231,158700.0,0.0052341907,0.00014504776,0.0093261,2.7456828e-05,0.018658448,-14,Pad,4.75790424,0.28083398658666936
19,CONV_2D,307,193600.0,0.0023395119,0.00010836031,0.018022807,5.5025203e-06,0.008680427,-128,onnx_tf_prefix_Relu_14;Add_7;convolution_9;convolution_6;Const_94,2.213508885,0.2702338431203023
27,CONV_2D,339,774400.0,0.005728903,-0.001414863,0.02300982,3.4822915e-05,0.021919351,20,Add_11;convolution_41;convolution_10;Const_86,5.589434505,0.26921848142430455
44,CONV_2D,407,100352.0,0.001575413,1.6352027e-06,0.01065811,2.4831354e-06,0.005934346,-128,onnx_tf_prefix_Relu_41;Add_19;convolution_22;convolution_18;Const_70,1.51325823,0.26553840151102714
37,CONV_2D,379,100352.0,0.00093030964,8.094167e-07,0.00698891,8.669244e-07,0.0035167804,-128,onnx_tf_prefix_Relu_34;Add_16;convolution_22;convolution_15;Const_76,0.8967790019999999,0.2647557268479368
33,CONV_2D,363,100352.0,0.0016116292,-9.957103e-07,0.014425025,2.5987129e-06,0.0063963993,-128,onnx_tf_prefix_Relu_28;Add_13;convolution_22;convolution_12;Const_82,1.6310818215,0.2520249771596049
51,CONV_2D,435,100352.0,0.0014245554,4.9060495e-06,0.011987338,2.0302307e-06,0.005781362,-128,onnx_tf_prefix_Relu_48;Add_22;convolution_22;convolution_21;Const_64,1.47424731,0.2464577797422176
77,CONV_2D,539,50176.0,0.001053967,-8.1301516e-07,0.00937862,1.1113872e-06,0.00427954,-128,onnx_tf_prefix_Relu_72;Add_33;convolution_41;convolution_32;Const_42,1.0912827,0.2463403790393453
73,CONV_2D,523,50176.0,0.0013193582,-1.4412633e-05,0.010929207,1.7433238e-06,0.005402481,-128,onnx_tf_prefix_Relu_70;Add_32;convolution_41;convolution_31;Const_44,1.377632655,0.24439694982236598
21,ADD,315,774400.0,0.00274429,0.000120437944,0.006247309,7.5489716e-06,0.011561171,-128,onnx_tf_prefix_Relu_17;onnx_tf_prefix_Add_16,2.948098605,0.23765232690472146
26,CONV_2D,335,193600.0,0.0018567711,-6.529968e-05,0.021600844,3.4550642e-06,0.007874003,-128,onnx_tf_prefix_Relu_21;Add_10;convolution_9;Const_88,2.007870765,0.2360654801647024
80,CONV_2D,551,50176.0,0.0012315363,9.394996e-07,0.012541399,1.5187071e-06,0.00537742,-128,onnx_tf_prefix_Relu_77;Add_35;convolution_41;convolution_34;Const_38,1.3712421,0.22917279082868616
22,CONV_2D,319,193600.0,0.0017785006,4.47656e-06,0.011987445,3.1645586e-06,0.0077730874,-128,onnx_tf_prefix_Relu_19;Add_9;convolution_9;convolution_8;Const_90,1.982137287,0.22885637794276312
84,CONV_2D,567,50176.0,0.001157289,-8.3694995e-06,0.011537745,1.3398685e-06,0.0050789258,-128,onnx_tf_prefix_Relu_79;Add_36;convolution_41;convolution_35;Const_36,1.295126079,0.22790781655768244
28,ADD,343,774400.0,0.0025231212,0.00070705055,0.006014618,6.8726863e-06,0.011702946,-128,onnx_tf_prefix_Relu_24;onnx_tf_prefix_Add_23,2.98425123,0.22401033705700926
15,CONV_2D,291,193600.0,0.0015939318,0.0001084113,0.01135917,2.5623106e-06,0.0071704993,-128,onnx_tf_prefix_Relu_12;Add_6;convolution_9;convolution_5;Const_96,1.8284773215,0.22323716001813604
70,CONV_2D,511,50176.0,0.0015844087,-1.6479324e-05,0.012026283,2.5120567e-06,0.0071008164,-128,onnx_tf_prefix_Relu_65;Add_30;convolution_41;convolution_29;Const_48,1.8107081820000002,0.22320629324089253
14,ADD,287,774400.0,0.0021977066,-3.944397e-05,0.004935958,4.834988e-06,0.009872619,-128,onnx_tf_prefix_Relu_10;onnx_tf_prefix_Add_9,2.517517845,0.22272313091849025
29,CONV_2D,347,387200.0,0.0021693578,-2.0502759e-05,0.020188846,4.7085255e-06,0.009748264,-128,onnx_tf_prefix_Relu_26;Add_12;convolution_22;convolution_11;Const_84,2.4858073199999997,0.2225948854033578
55,CONV_2D,451,100352.0,0.0015068549,-4.5981506e-05,0.012525353,2.273335e-06,0.00686165,-128,onnx_tf_prefix_Relu_50;Add_23;convolution_22;Const_62,1.74972075,0.21973698305074743
43,ADD,403,401408.0,0.0022052897,0.00021724697,0.005118901,4.9108235e-06,0.010238444,-128,onnx_tf_prefix_Relu_39;onnx_tf_prefix_Add_38,2.6108032199999998,0.21644282988694644
66,CONV_2D,495,50176.0,0.0021396184,-4.8898513e-05,0.013686281,4.581312e-06,0.00991449,-128,onnx_tf_prefix_Relu_63;Add_29;convolution_41;convolution_28;Const_50,2.52819495,0.21588603777136375
91,CONV_2D,595,50176.0,0.0012021764,3.007587e-05,0.013785008,1.4478487e-06,0.0056018312,-128,onnx_tf_prefix_Relu_86;Add_39;convolution_41;convolution_38;Const_30,1.428466956,0.2147986621945647
50,ADD,431,401408.0,0.0022643066,-5.9806356e-05,0.005286558,5.130835e-06,0.010583209,-128,onnx_tf_prefix_Relu_46;onnx_tf_prefix_Add_45,2.698718295,0.21403098567117704
57,ADD,459,401408.0,0.0025489286,-5.7489833e-05,0.006003656,6.5006166e-06,0.012007591,-128,onnx_tf_prefix_Relu_53;onnx_tf_prefix_Add_52,3.061935705,0.21233490374028122
122,ADD,719,100352.0,0.013881662,0.001093176,0.088499434,0.00019416335,0.06658008,-128,onnx_tf_prefix_Relu_118;onnx_tf_prefix_Add_117,16.9779204,0.20928558461619562
115,ADD,691,100352.0,0.009990391,-0.00011505515,0.02420562,9.987751e-05,0.04842385,-128,onnx_tf_prefix_Relu_111;onnx_tf_prefix_Add_110,12.348081749999999,0.2063832930131634
72,ADD,519,200704.0,0.0029589355,-0.0003059752,0.007248491,8.85161e-06,0.014497207,-128,onnx_tf_prefix_Relu_68;onnx_tf_prefix_Add_67,3.696787785,0.20522336072132855
113,CONV_2D,683,25088.0,0.0010558121,6.820841e-07,0.024393601,1.1361876e-06,0.0052119014,-128,onnx_tf_prefix_Relu_108;Add_49;convolution_51;convolution_48;Const_10,1.329034857,0.204516725931666
87,CONV_2D,579,50176.0,0.0014066584,1.6240183e-05,0.015946968,1.9804045e-06,0.0069013624,-128,onnx_tf_prefix_Relu_84;Add_38;convolution_41;convolution_37;Const_32,1.759847412,0.20391168755652586
36,ADD,375,401408.0,0.0019700585,-1.3762201e-05,0.0048942133,3.8815415e-06,0.009792309,-128,onnx_tf_prefix_Relu_32;onnx_tf_prefix_Add_31,2.4970387950000004,0.2011949184335533
120,CONV_2D,711,25088.0,0.0013621555,-9.703502e-06,0.0091642225,1.8776608e-06,0.006906831,-128,onnx_tf_prefix_Relu_115;Add_52;convolution_51;Const_4,1.761241905,0.19839455114820834
79,ADD,547,200704.0,0.0025747316,6.960987e-05,0.006624991,6.635227e-06,0.013253497,-128,onnx_tf_prefix_Relu_75;onnx_tf_prefix_Add_74,3.379641735,0.1943557566155464
105,CONV_2D,651,25088.0,0.0017802492,-9.245326e-06,0.014295486,3.1804223e-06,0.009188832,-128,onnx_tf_prefix_Relu_100;Add_45;convolution_51;convolution_44;Const_18,2.34315216,0.19408058098376618
65,ADD,491,200704.0,0.0018202517,-1.60542e-05,0.012489121,3.3141391e-06,0.009543681,-128,onnx_tf_prefix_Relu_61;onnx_tf_prefix_Add_60,2.433638655,0.19075215443920998
58,CONV_2D,463,200704.0,0.0022174479,-2.6425521e-05,0.026035832,4.9256564e-06,0.0116673475,-128,onnx_tf_prefix_Relu_55;Add_25;convolution_41;convolution_24;Const_58,2.9751736125,0.1902216408698952
86,ADD,575,200704.0,0.003083746,-0.00018895575,0.008440066,9.546839e-06,0.016881382,-128,onnx_tf_prefix_Relu_82;onnx_tf_prefix_Add_81,4.30475241,0.18302979862401902
98,CONV_2D,623,50176.0,0.0021380764,4.3046607e-06,0.013759559,4.574634e-06,0.011856745,-128,onnx_tf_prefix_Relu_93;Add_42;convolution_41;Const_24,3.0234699750000003,0.1803900990458166
108,ADD,663,100352.0,0.006840703,-7.52394e-05,0.01908505,4.6814082e-05,0.038177498,-128,onnx_tf_prefix_Relu_104;onnx_tf_prefix_Add_103,9.73526199,0.17921765592834674
116,CONV_2D,695,25088.0,0.0012541319,-4.323992e-06,0.023937924,1.5869675e-06,0.007186645,-128,onnx_tf_prefix_Relu_113;Add_51;convolution_51;convolution_50;Const_6,1.832594475,0.1752902756338613
94,CONV_2D,607,50176.0,0.001738703,1.4865003e-05,0.013115122,3.0246076e-06,0.009995862,-128,onnx_tf_prefix_Relu_91;Add_41;convolution_41;convolution_40;Const_26,2.54894481,0.1739859856374102
109,CONV_2D,667,25088.0,0.0012689237,-4.2129213e-06,0.014337357,1.612265e-06,0.00751927,-128,onnx_tf_prefix_Relu_106;Add_48;convolution_51;convolution_47;Const_12,1.91741385,0.16886612335889734
93,ADD,603,200704.0,0.0029192665,0.00014561389,0.008656383,8.547307e-06,0.017314658,-128,onnx_tf_prefix_Relu_89;onnx_tf_prefix_Add_88,4.41523779,0.1688498712416268
101,CONV_2D,635,100352.0,0.0014151125,-1.45358645e-05,0.016708605,2.0079535e-06,0.008944058,-128,onnx_tf_prefix_Relu_98;Add_44;convolution_51;convolution_43;Const_20,2.28073479,0.1584317497905277
100,ADD,631,200704.0,0.0018011611,9.100991e-05,0.0059901476,3.2564953e-06,0.011988977,-128,onnx_tf_prefix_Relu_96;onnx_tf_prefix_Add_95,3.057189135,0.15051961569680491
118,PAD,703,41472.0,0.0,0.0,0.0,0.0,0.007186645,-128,Pad_16,1.832594475,0.0
103,PAD,643,131072.0,0.0,0.0,0.0,0.0,0.008944058,-128,Pad_14,2.28073479,0.0
110,TRANSPOSE,671,25088.0,0.0,0.0,0.0,0.0,0.00751927,-128,transpose_145,1.91741385,0.0
126,RESHAPE,741,2048.0,0.0,0.0,0.0,0.0,0.02413012,-128,flatten/Reshape;Reshape,6.153180600000001,0.0
125,RESHAPE,735,2048.0,0.0,0.0,0.0,0.0,0.02413012,-128,Reshape,6.153180600000001,0.0
123,TRANSPOSE,723,100352.0,0.0,0.0,0.0,0.0,0.06658008,-128,transpose_160,16.9779204,0.0
90,TRANSPOSE,591,65536.0,0.0,0.0,0.0,0.0,0.0069013624,-128,transpose_117,1.759847412,0.0
117,TRANSPOSE,699,25088.0,0.0,0.0,0.0,0.0,0.007186645,-128,transpose_154,1.832594475,0.0
111,PAD,675,41472.0,0.0,0.0,0.0,0.0,0.00751927,-128,Pad_15,1.91741385,0.0
112,TRANSPOSE,679,41472.0,0.0,0.0,0.0,0.0,0.00751927,-128,transpose_147,1.91741385,0.0
3,TRANSPOSE,243,802816.0,0.0,0.0,0.0,0.0,0.01873804,-128,transpose_2,4.778200200000001,0.0
102,TRANSPOSE,639,100352.0,0.0,0.0,0.0,0.0,0.008944058,-128,transpose_133,2.28073479,0.0
95,TRANSPOSE,611,50176.0,0.0,0.0,0.0,0.0,0.009995862,-128,transpose_124,2.54894481,0.0
96,PAD,615,65536.0,0.0,0.0,0.0,0.0,0.009995862,-128,Pad_13,2.54894481,0.0
97,TRANSPOSE,619,65536.0,0.0,0.0,0.0,0.0,0.009995862,-128,transpose_126,2.54894481,0.0
119,TRANSPOSE,707,41472.0,0.0,0.0,0.0,0.0,0.007186645,-128,transpose_156,1.832594475,0.0
104,TRANSPOSE,647,131072.0,0.0,0.0,0.0,0.0,0.008944058,-128,transpose_135,2.28073479,0.0
6,MAX_POOL_2D,255,193600.0,0.0,0.0,0.0,0.0,0.01873804,-128,MaxPool2d,4.778200200000001,0.0
89,PAD,587,65536.0,0.0,0.0,0.0,0.0,0.0069013624,-128,Pad_12,1.759847412,0.0
25,TRANSPOSE,331,207936.0,0.0,0.0,0.0,0.0,0.0077730874,-128,transpose_30,1.982137287,0.0
45,TRANSPOSE,411,100352.0,0.0,0.0,0.0,0.0,0.005934346,-128,transpose_58,1.51325823,0.0
40,TRANSPOSE,391,115200.0,0.0,0.0,0.0,0.0,0.0035167804,-128,transpose_51,0.8967790019999999,0.0
39,PAD,387,115200.0,0.0,0.0,0.0,0.0,0.0035167804,-128,Pad_5,0.8967790019999999,0.0
38,TRANSPOSE,383,100352.0,0.0,0.0,0.0,0.0,0.0035167804,-128,transpose_49,0.8967790019999999,0.0
32,TRANSPOSE,359,415872.0,0.0,0.0,0.0,0.0,0.009748264,-128,transpose_39,2.4858073199999997,0.0
31,PAD,355,415872.0,0.0,0.0,0.0,0.0,0.009748264,-128,Pad_4,2.4858073199999997,0.0
30,TRANSPOSE,351,387200.0,0.0,0.0,0.0,0.0,0.009748264,-128,transpose_37,2.4858073199999997,0.0
24,PAD,327,207936.0,0.0,0.0,0.0,0.0,0.0077730874,-128,Pad_3,1.982137287,0.0
88,TRANSPOSE,583,50176.0,0.0,0.0,0.0,0.0,0.0069013624,-128,transpose_115,1.759847412,0.0
23,TRANSPOSE,323,193600.0,0.0,0.0,0.0,0.0,0.0077730874,-128,transpose_28,1.982137287,0.0
18,TRANSPOSE,303,207936.0,0.0,0.0,0.0,0.0,0.0071704993,-128,transpose_21,1.8284773215,0.0
17,PAD,299,207936.0,0.0,0.0,0.0,0.0,0.0071704993,-128,Pad_2,1.8284773215,0.0
16,TRANSPOSE,295,193600.0,0.0,0.0,0.0,0.0,0.0071704993,-128,transpose_19,1.8284773215,0.0
11,TRANSPOSE,275,207936.0,0.0,0.0,0.0,0.0,0.006416375,-128,transpose_9,1.6361756250000001,0.0
10,PAD,271,207936.0,0.0,0.0,0.0,0.0,0.006416375,-128,Pad_1,1.6361756250000001,0.0
9,TRANSPOSE,267,193600.0,0.0,0.0,0.0,0.0,0.006416375,-128,transpose_7,1.6361756250000001,0.0
46,PAD,415,115200.0,0.0,0.0,0.0,0.0,0.005934346,-128,Pad_6,1.51325823,0.0
47,TRANSPOSE,419,115200.0,0.0,0.0,0.0,0.0,0.005934346,-128,transpose_60,1.51325823,0.0
4,PADV2,247,802816.0,0.0,0.0,0.0,0.0,0.01873804,-128,PadV2,4.778200200000001,0.0
52,TRANSPOSE,439,100352.0,0.0,0.0,0.0,0.0,0.005781362,-128,transpose_67,1.47424731,0.0
83,TRANSPOSE,563,65536.0,0.0,0.0,0.0,0.0,0.00537742,-128,transpose_108,1.3712421,0.0
82,PAD,559,65536.0,0.0,0.0,0.0,0.0,0.00537742,-128,Pad_11,1.3712421,0.0
81,TRANSPOSE,555,50176.0,0.0,0.0,0.0,0.0,0.00537742,-128,transpose_106,1.3712421,0.0
76,TRANSPOSE,535,65536.0,0.0,0.0,0.0,0.0,0.005402481,-128,transpose_99,1.377632655,0.0
75,PAD,531,65536.0,0.0,0.0,0.0,0.0,0.005402481,-128,Pad_10,1.377632655,0.0
74,TRANSPOSE,527,50176.0,0.0,0.0,0.0,0.0,0.005402481,-128,transpose_97,1.377632655,0.0
69,TRANSPOSE,507,65536.0,0.0,0.0,0.0,0.0,0.00991449,-128,transpose_90,2.52819495,0.0
68,PAD,503,65536.0,0.0,0.0,0.0,0.0,0.00991449,-128,Pad_9,2.52819495,0.0
5,TRANSPOSE,251,802816.0,0.0,0.0,0.0,0.0,0.01873804,-128,transpose_3,4.778200200000001,0.0
1,TRANSPOSE,235,158700.0,0.0,0.0,0.0,0.0,0.018658448,-14,transpose_1,4.75790424,0.0
61,TRANSPOSE,475,230400.0,0.0,0.0,0.0,0.0,0.0116673475,-128,transpose_78,2.9751736125,0.0
60,PAD,471,230400.0,0.0,0.0,0.0,0.0,0.0116673475,-128,Pad_8,2.9751736125,0.0
59,TRANSPOSE,467,200704.0,0.0,0.0,0.0,0.0,0.0116673475,-128,transpose_76,2.9751736125,0.0
54,TRANSPOSE,447,115200.0,0.0,0.0,0.0,0.0,0.005781362,-128,transpose_69,1.47424731,0.0
53,PAD,443,115200.0,0.0,0.0,0.0,0.0,0.005781362,-128,Pad_7,1.47424731,0.0
67,TRANSPOSE,499,50176.0,0.0,0.0,0.0,0.0,0.00991449,-128,transpose_88,2.52819495,0.0
